query_id,predicted_citations
val_001,1B_85/2023 E. 2;7B_1124/2024 E. 2;1P.664/2000 21.11.2000 E. 5;7B_485/2023 E. 2.1;7B_786/2023 E. 2;7B_152/2024 E. 2;7B_311/2023 E. 2;Art. 221 Abs. 1 StPO;1B_146/2022 E. 3;1B_125/2023 E. 2
val_002,BGE 134 V 231 E. 5.3;BGE 134 V 231 E. 5.1;8C_59/2013 22.04.2013 E. 3.3;BGE 145 V 2 E. 2.2;9C_756/2013 E. 8;BGE 145 V 2 E. 4.2.3.2;9C_756/2013 E. 4.1;BGE 130 V 343 E. 3.3;Art. 8 Abs. 1bis IVG;U 74/03 18.07.2003 E. 2
val_003,1B_85/2023 E. 2;7B_152/2024 E. 2;7B_1124/2024 E. 2;7B_485/2023 E. 2.1;7B_786/2023 E. 2;Art. 221 Abs. 1 StPO;1B_146/2022 E. 3;7B_311/2023 E. 2;1B_9/2023 E. 2;1B_125/2023 E. 2
val_004,5C.49/2004 27.10.2004 E. 3;5A_698/2008 24.04.2009 E. 3;5A_371/2008 18.12.2008 E. 3;5C.153/2005 22.09.2005 E. 3;5A_12/2009 25.03.2009 E. 4
val_005,5A_268/2023 E. 3.3;Art. 133 Abs. 1 ZGB;Art. 274 Abs. 2 ZGB;5A_883/2017 E. 3.2;5A_993/2016 E. A
val_006,Art. 248 Abs. 1 OR;4A_364/2013 05.03.2014 E. 6.6;4A_364/2013 05.03.2014 E. 6.5;4A_364/2011 07.02.2012 E. 3;4A_364/2013 05.03.2014 E. 1
val_007,5C.259/2002 06.02.2003 E. 2;5C.153/2005 22.09.2005 E. 3;5C.32/2004 06.10.2004 E. 4;5A_748/2008 16.03.2009 E. 5;5P.39/2004 06.10.2004 E. 6
val_008,6B_688/2014 E. 13.2;6B_398/2022 E. 4.3;6B_986/2017 E. 2.3.1;6B_1110/2014 E. 2.3;6B_1163/2022 14.08.2023 E. 3.1.1
val_009,Art. 133 Abs. 3 ZGB;5A_952/2019 E. A;Art. 276 Abs. 1 ZGB;5A_564/2014 E. C;Art. 285 Abs. 1 ZGB
val_010,4A_161/2020 E. 5.4.4;BGE 146 III 387 E. 5.3;4A_161/2020 E. 3;BGE 146 III 387 E. 6.3.3.3;BGE 146 III 387 E. 4.3.2
